Type,Name,Request Count,Failure Count,Median Response Time,Average Response Time,Min Response Time,Max Response Time,Average Content Size,Requests/s,Failures/s,50%,66%,75%,80%,90%,95%,98%,99%,99.9%,99.99%,100%
POST,/auth/login,8268,1802,42000.0,47189.75785030243,442.0807000133209,125131.65990001289,186.9102564102564,42.43901856837255,9.249529687978633,42000,61000,74000,81000,97000,107000,117000,119000,124000,125000,125000
GET,GET /api/orderitem/all,3480,1083,36000.0,42802.76886770108,3658.407500013709,127491.45780003164,4.821551724137931,17.86257675591878,5.558957076626449,36000,55000,64000,78000,97000,106000,117000,118000,127000,127000,127000
GET,GET /api/orderitem/by-order,2048,656,36000.0,42944.03577089787,4351.626600022428,127514.98959999299,4.7578125,10.512229079345307,3.3671983769777936,36000,55000,68000,79000,97000,109000,118000,119000,124000,128000,128000
,Aggregated,13796,3541,39000.0,45452.88045989415,442.0807000133209,127514.98959999299,113.9386053928675,70.81382440363664,18.175685141582875,39000,59000,73000,80000,97000,107000,118000,119000,124000,127000,128000
