Type,Name,Request Count,Failure Count,Median Response Time,Average Response Time,Min Response Time,Max Response Time,Average Content Size,Requests/s,Failures/s,50%,66%,75%,80%,90%,95%,98%,99%,99.9%,99.99%,100%
GET,GET /installment-payments,4911,16,44000.0,102610.99544836103,4311.580799985677,443864.94370002765,226401.7902667481,6.96842527456456,0.02270307562472673,44000,86000,120000,136000,428000,432000,435000,438000,443000,444000,444000
GET,GET /installment-payments/{id},2947,10,41000.0,100022.12210644751,12170.641400036402,443561.9707000442,314.0156090939939,4.181622741629354,0.014189422265454206,41000,61000,99000,123000,428000,431000,435000,440000,443000,444000,444000
POST,POST /auth/login,19876,11684,61000.0,106462.0852201199,4383.5176000138745,479102.8801999637,98.50513181726706,28.202895694816778,16.57892097495669,61000,93000,108000,121000,444000,469000,475000,477000,478000,479000,479000
POST,POST /installment-payments,1567,1,46000.0,104816.8436266104,13839.809599972796,443664.5851000212,314.32737715379704,2.2234824689966737,0.0014189422265454205,46000,90000,125000,137000,428000,431000,435000,438000,443000,444000,444000
GET,Setup GET Order,8192,0,98000.0,97203.85621821303,4926.680399978068,162279.24780000467,4283.0,11.623974719860085,0.0,98000,118000,128000,134000,146000,151000,155000,156000,160000,162000,162000
,Aggregated,37493,11711,72000.0,103359.83203350502,4311.580799985677,479102.8801999637,30680.963673219,53.200400899867454,16.61723241507342,72000,96000,118000,129000,156000,445000,471000,475000,478000,479000,479000
