Type,Name,Request Count,Failure Count,Median Response Time,Average Response Time,Min Response Time,Max Response Time,Average Content Size,Requests/s,Failures/s,50%,66%,75%,80%,90%,95%,98%,99%,99.9%,99.99%,100%
GET,GET /api/orderitem/all,41,0,5500.0,5736.739778053583,3355.4607999976724,8124.7434000251815,705871.8780487805,2.7599648664992613,0.0,5500,5800,6100,7700,8000,8100,8100,8100,8100,8100,8100
GET,GET /api/orderitem/by-order,23,0,5500.0,5452.681773916676,4294.098200043663,7894.804799987469,71912.21739130435,1.5482729738898295,0.0,5500,5700,5700,6000,7200,7900,7900,7900,7900,7900,7900
GET,GET /api/orderitem/{id},1,0,7322.182299976703,7322.182299976703,7322.182299976703,7322.182299976703,841.0,0.06731621625607954,0.0,7300,7300,7300,7300,7300,7300,7300,7300,7300,7300,7300
POST,POST /api/orderitem/create,11,0,7100.0,6370.631963639012,3213.0177000071853,8215.116799983662,844.1818181818181,0.7404783788168751,0.0,7100,7500,7800,7800,8200,8200,8200,8200,8200,8200,8200
POST,POST /auth/login,716,0,2700.0,3241.248255028284,264.5095999469049,7969.486500020139,239.0,48.19841083935295,0.0,2800,4400,5200,5900,6800,7400,7700,7800,8000,8000,8000
GET,Setup GET Order,232,0,4200.0,3975.113785344202,1597.3164000315592,8744.112299988046,4283.0,15.617362171410456,0.0,4200,4700,4900,5300,5800,6300,8200,8600,8700,8700,8700
GET,Setup GET Prod,392,0,2600.0,3538.621296429037,351.3311000424437,8363.75489999773,1953.0,26.387956772383184,0.0,2600,4100,4800,5500,7600,8100,8200,8300,8400,8400,8400
,Aggregated,1416,0,3200.0,3579.1785611586047,264.5095999469049,8744.112299988046,22976.843926553673,95.31976221860864,0.0,3200,4500,5300,5700,7000,7700,8100,8200,8700,8700,8700
